{"id":"fir.obj","normals":[[0.0,0.0,0.0],[-0.9498,0.2995,-0.0907],[-0.9151,0.3001,-0.2693],[-0.8466,0.3012,-0.4389],[-0.7457,0.3027,-0.5936],[-0.6153,0.3043,-0.7272],[-0.4595,0.3059,-0.8339],[-0.2841,0.307,-0.9083],[-0.0961,0.3077,-0.9466],[0.0961,0.3077,-0.9466],[0.2841,0.307,-0.9083],[0.4595,0.3059,-0.8339],[0.6153,0.3043,-0.7272],[0.7457,0.3027,-0.5936],[0.8466,0.3012,-0.4389],[0.9151,0.3001,-0.2693],[0.9498,0.2995,-0.0907],[0.9498,0.2995,0.0907],[0.9151,0.3001,0.2693],[0.8466,0.3012,0.4389],[0.7457,0.3027,0.5936],[0.6153,0.3043,0.7272],[0.4595,0.3059,0.8339],[0.2841,0.307,0.9083],[0.0961,0.3077,0.9466],[-0.0961,0.3077,0.9466],[-0.2841,0.307,0.9083],[-0.4595,0.3059,0.8339],[-0.6153,0.3043,0.7272],[-0.7457,0.3027,0.5936],[-0.8466,0.3012,0.4389],[0.0,-1.0,0.0],[-0.9151,0.3001,0.2693],[-0.9498,0.2995,0.0907],[-0.0073,-0.9999,0.0111],[-0.0072,1.0,0.0069],[0.5422,0.1532,-0.8262],[0.5422,0.1531,-0.8262],[0.5423,0.1523,-0.8263],[0.833,0.0804,0.5474],[0.8331,0.0803,0.5473],[-0.5484,-0.0389,0.8353],[-0.8356,0.0362,-0.5482],[-0.8355,0.0362,-0.5483],[0.5421,0.1541,-0.8261],[0.8329,0.0804,0.5476],[-0.8357,0.0361,-0.5481],[0.5483,0.0472,-0.8349],[0.8239,0.1777,0.5382],[-0.5236,0.3004,0.7973],[-0.8213,0.1777,-0.5422],[0.5482,0.0452,-0.8351],[0.5482,0.0451,-0.8351],[0.8236,0.1777,0.5386],[0.8237,0.1777,0.5385],[-0.5229,0.3041,0.7963],[-0.8215,0.1779,-0.5418],[-0.8215,0.178,-0.5417],[0.5483,0.045,-0.8351],[0.8234,0.1776,0.539],[-0.523,0.3043,0.7962],[-0.8217,0.1782,-0.5413]],"parts":[{"materials":[{"ambient":[1.0,1.0,1.0],"diffuse":[0.8,0.8,0.8],"emissive":[0.0,0.0,0.0],"faces":[],"id":"__default__","opacity":1.0,"opticalDensity":1.0,"shininess":225.0,"specular":[0.5,0.5,0.5]},{"ambient":[1.0,1.0,1.0],"diffuse":[0.039913,0.5114,0.029765],"emissive":[0.0,0.0,0.0],"faces":[[[1,1,1],[33,2,1],[2,3,1]],[[2,3,2],[33,2,2],[3,4,2]],[[3,4,3],[33,2,3],[4,5,3]],[[4,5,4],[33,2,4],[5,6,4]],[[5,6,5],[33,2,5],[6,7,5]],[[6,7,6],[33,2,6],[7,8,6]],[[7,8,7],[33,2,7],[8,9,7]],[[8,9,8],[33,2,8],[9,10,8]],[[9,10,9],[33,2,9],[10,11,9]],[[10,11,10],[33,2,10],[11,12,10]],[[11,12,11],[33,2,11],[12,13,11]],[[12,13,12],[33,2,12],[13,14,12]],[[13,14,13],[33,2,13],[14,15,13]],[[14,15,14],[33,2,14],[15,16,14]],[[15,16,15],[33,2,15],[16,17,15]],[[16,17,16],[33,2,16],[17,18,16]],[[17,18,17],[33,2,17],[18,19,17]],[[18,19,18],[33,2,18],[19,20,18]],[[19,20,19],[33,2,19],[20,21,19]],[[20,21,20],[33,2,20],[21,22,20]],[[21,22,21],[33,2,21],[22,23,21]],[[22,23,22],[33,2,22],[23,24,22]],[[23,24,23],[33,2,23],[24,25,23]],[[24,25,24],[33,2,24],[25,26,24]],[[25,26,25],[33,2,25],[26,27,25]],[[26,27,26],[33,2,26],[27,28,26]],[[27,28,27],[33,2,27],[28,29,27]],[[28,29,28],[33,2,28],[29,30,28]],[[29,30,29],[33,2,29],[30,31,29]],[[30,31,30],[33,2,30],[31,32,30]],[[1,33,31],[2,34,31],[3,35,31],[4,36,31],[5,37,31],[6,38,31],[7,39,31],[8,40,31],[9,41,31],[10,42,31],[11,43,31],[12,44,31],[13,45,31],[14,46,31],[15,47,31],[16,48,31],[17,49,31],[18,50,31],[19,51,31],[20,52,31],[21,53,31],[22,54,31],[23,55,31],[24,56,31],[25,57,31],[26,58,31],[27,59,31],[28,60,31],[29,61,31],[30,62,31],[31,63,31],[32,64,31]],[[31,32,32],[33,2,32],[32,65,32]],[[32,65,33],[33,2,33],[1,1,33]]],"id":"Foliage","opacity":1.0,"opticalDensity":1.45,"shininess":0.0,"specular":[0.5,0.5,0.5]},{"ambient":[1.0,1.0,1.0],"diffuse":[0.542125,0.242072,0.08403],"emissive":[0.0,0.0,0.0],"faces":[[[34,0,34],[35,0,34],[36,0,34],[37,0,34]],[[41,0,35],[40,0,35],[39,0,35],[38,0,35]],[[46,0,36],[47,0,37],[43,0,38],[42,0,38]],[[47,0,39],[48,0,39],[44,0,40],[43,0,40]],[[48,0,41],[49,0,41],[45,0,41],[44,0,41]],[[49,0,42],[46,0,42],[42,0,43],[45,0,43]],[[50,0,44],[51,0,44],[47,0,37],[46,0,36]],[[51,0,45],[52,0,45],[48,0,39],[47,0,39]],[[52,0,41],[53,0,41],[49,0,41],[48,0,41]],[[53,0,46],[50,0,46],[46,0,42],[49,0,42]],[[54,0,44],[55,0,44],[51,0,44],[50,0,44]],[[55,0,45],[56,0,45],[52,0,45],[51,0,45]],[[56,0,41],[57,0,41],[53,0,41],[52,0,41]],[[57,0,46],[54,0,46],[50,0,46],[53,0,46]],[[58,0,44],[59,0,44],[55,0,44],[54,0,44]],[[59,0,45],[60,0,45],[56,0,45],[55,0,45]],[[60,0,41],[61,0,41],[57,0,41],[56,0,41]],[[61,0,46],[58,0,46],[54,0,46],[57,0,46]],[[62,0,44],[63,0,44],[59,0,44],[58,0,44]],[[63,0,45],[64,0,45],[60,0,45],[59,0,45]],[[64,0,41],[65,0,41],[61,0,41],[60,0,41]],[[65,0,46],[62,0,46],[58,0,46],[61,0,46]],[[66,0,44],[67,0,44],[63,0,44],[62,0,44]],[[67,0,45],[68,0,45],[64,0,45],[63,0,45]],[[68,0,41],[69,0,41],[65,0,41],[64,0,41]],[[69,0,46],[66,0,46],[62,0,46],[65,0,46]],[[70,0,44],[71,0,44],[67,0,44],[66,0,44]],[[71,0,45],[72,0,45],[68,0,45],[67,0,45]],[[72,0,41],[73,0,41],[69,0,41],[68,0,41]],[[73,0,46],[70,0,46],[66,0,46],[69,0,46]],[[74,0,44],[75,0,44],[71,0,44],[70,0,44]],[[75,0,45],[76,0,45],[72,0,45],[71,0,45]],[[76,0,41],[77,0,41],[73,0,41],[72,0,41]],[[77,0,46],[74,0,46],[70,0,46],[73,0,46]],[[38,0,44],[39,0,44],[75,0,44],[74,0,44]],[[39,0,45],[40,0,45],[76,0,45],[75,0,45]],[[40,0,41],[41,0,41],[77,0,41],[76,0,41]],[[41,0,46],[38,0,46],[74,0,46],[77,0,46]],[[78,0,47],[79,0,47],[35,0,47],[34,0,47]],[[79,0,48],[80,0,48],[36,0,48],[35,0,48]],[[80,0,49],[81,0,49],[37,0,49],[36,0,49]],[[81,0,50],[78,0,50],[34,0,50],[37,0,50]],[[82,0,47],[83,0,47],[79,0,47],[78,0,47]],[[83,0,48],[84,0,48],[80,0,48],[79,0,48]],[[84,0,49],[85,0,49],[81,0,49],[80,0,49]],[[85,0,50],[82,0,50],[78,0,50],[81,0,50]],[[86,0,47],[87,0,47],[83,0,47],[82,0,47]],[[87,0,48],[88,0,48],[84,0,48],[83,0,48]],[[88,0,49],[89,0,49],[85,0,49],[84,0,49]],[[89,0,50],[86,0,50],[82,0,50],[85,0,50]],[[90,0,47],[91,0,47],[87,0,47],[86,0,47]],[[91,0,48],[92,0,48],[88,0,48],[87,0,48]],[[92,0,49],[93,0,49],[89,0,49],[88,0,49]],[[93,0,50],[90,0,50],[86,0,50],[89,0,50]],[[94,0,51],[95,0,52],[91,0,47],[90,0,47]],[[95,0,53],[96,0,54],[92,0,48],[91,0,48]],[[96,0,55],[97,0,55],[93,0,49],[92,0,49]],[[97,0,56],[94,0,57],[90,0,50],[93,0,50]],[[42,0,58],[43,0,58],[95,0,52],[94,0,51]],[[43,0,59],[44,0,59],[96,0,54],[95,0,53]],[[44,0,60],[45,0,60],[97,0,55],[96,0,55]],[[45,0,61],[42,0,61],[94,0,57],[97,0,56]]],"id":"Trunk","opacity":1.0,"opticalDensity":1.45,"shininess":0.0,"specular":[0.5,0.5,0.5]}],"vertexCount":564}],