{"id":"fir.obj","normals":[[0.0,0.0,0.0],[-0.0073,-0.0111,-0.9999],[-0.0072,-0.0069,1.0],[0.5423,0.8263,0.1523],[0.8331,-0.5473,0.0803],[-0.5484,-0.8353,-0.0389],[-0.8355,0.5483,0.0362],[0.5421,0.8261,0.1541],[0.8329,-0.5476,0.0804],[-0.8357,0.5481,0.0361],[0.5483,0.8349,0.0472],[0.8239,-0.5382,0.1777],[-0.5236,-0.7973,0.3004],[-0.8213,0.5422,0.1777],[0.5483,0.8351,0.045],[0.8234,-0.539,0.1776],[-0.523,-0.7962,0.3043],[-0.8217,0.5413,0.1782],[-0.9498,0.0907,0.2995],[-0.9151,0.2693,0.3001],[-0.8466,0.4389,0.3012],[-0.7457,0.5936,0.3027],[-0.6153,0.7272,0.3043],[-0.4595,0.8339,0.3059],[-0.2841,0.9083,0.307],[-0.0961,0.9466,0.3077],[0.0961,0.9466,0.3077],[0.2841,0.9083,0.307],[0.4595,0.8339,0.3059],[0.6153,0.7272,0.3043],[0.7457,0.5936,0.3027],[0.8466,0.4389,0.3012],[0.9151,0.2693,0.3001],[0.9498,0.0907,0.2995],[0.9498,-0.0907,0.2995],[0.9151,-0.2693,0.3001],[0.8466,-0.4389,0.3012],[0.7457,-0.5936,0.3027],[0.6153,-0.7272,0.3043],[0.4595,-0.8339,0.3059],[0.2841,-0.9083,0.307],[0.0961,-0.9466,0.3077],[-0.0961,-0.9466,0.3077],[-0.2841,-0.9083,0.307],[-0.4595,-0.8339,0.3059],[-0.6153,-0.7272,0.3043],[-0.7457,-0.5936,0.3027],[-0.8466,-0.4389,0.3012],[0.0,0.0,-1.0],[-0.9151,-0.2693,0.3001],[-0.9498,-0.0907,0.2995]],"parts":[{"materials":[{"ambient":[1.0,1.0,1.0],"diffuse":[0.8,0.8,0.8],"emissive":[0.0,0.0,0.0],"faces":[],"id":"__default__","opacity":1.0,"opticalDensity":1.0,"shininess":225.0,"specular":[0.5,0.5,0.5]},{"ambient":[1.0,1.0,1.0],"diffuse":[0.039913,0.5114,0.029765],"emissive":[0.0,0.0,0.0],"faces":[[[65,1,18],[97,2,18],[66,3,18]],[[66,3,19],[97,2,19],[67,4,19]],[[67,4,20],[97,2,20],[68,5,20]],[[68,5,21],[97,2,21],[69,6,21]],[[69,6,22],[97,2,22],[70,7,22]],[[70,7,23],[97,2,23],[71,8,23]],[[71,8,24],[97,2,24],[72,9,24]],[[72,9,25],[97,2,25],[73,10,25]],[[73,10,26],[97,2,26],[74,11,26]],[[74,11,27],[97,2,27],[75,12,27]],[[75,12,28],[97,2,28],[76,13,28]],[[76,13,29],[97,2,29],[77,14,29]],[[77,14,30],[97,2,30],[78,15,30]],[[78,15,31],[97,2,31],[79,16,31]],[[79,16,32],[97,2,32],[80,17,32]],[[80,17,33],[97,2,33],[81,18,33]],[[81,18,34],[97,2,34],[82,19,34]],[[82,19,35],[97,2,35],[83,20,35]],[[83,20,36],[97,2,36],[84,21,36]],[[84,21,37],[97,2,37],[85,22,37]],[[85,22,38],[97,2,38],[86,23,38]],[[86,23,39],[97,2,39],[87,24,39]],[[87,24,40],[97,2,40],[88,25,40]],[[88,25,41],[97,2,41],[89,26,41]],[[89,26,42],[97,2,42],[90,27,42]],[[90,27,43],[97,2,43],[91,28,43]],[[91,28,44],[97,2,44],[92,29,44]],[[92,29,45],[97,2,45],[93,30,45]],[[93,30,46],[97,2,46],[94,31,46]],[[94,31,47],[97,2,47],[95,32,47]],[[65,33,48],[66,34,48],[67,35,48],[68,36,48],[69,37,48],[70,38,48],[71,39,48],[72,40,48],[73,41,48],[74,42,48],[75,43,48],[76,44,48],[77,45,48],[78,46,48],[79,47,48],[80,48,48],[81,49,48],[82,50,48],[83,51,48],[84,52,48],[85,53,48],[86,54,48],[87,55,48],[88,56,48],[89,57,48],[90,58,48],[91,59,48],[92,60,48],[93,61,48],[94,62,48],[95,63,48],[96,64,48]],[[95,32,49],[97,2,49],[96,65,49]],[[96,65,50],[97,2,50],[65,1,50]]],"id":"Foliage","opacity":1.0,"opticalDensity":1.45,"shininess":0.0,"specular":[0.5,0.5,0.5]},{"ambient":[1.0,1.0,1.0],"diffuse":[0.542125,0.242072,0.08403],"emissive":[0.0,0.0,0.0],"faces":[[[1,0,1],[2,0,1],[3,0,1],[4,0,1]],[[8,0,2],[7,0,2],[6,0,2],[5,0,2]],[[13,0,3],[14,0,3],[10,0,3],[9,0,3]],[[14,0,4],[15,0,4],[11,0,4],[10,0,4]],[[15,0,5],[16,0,5],[12,0,5],[11,0,5]],[[16,0,6],[13,0,6],[9,0,6],[12,0,6]],[[17,0,7],[18,0,7],[14,0,7],[13,0,7]],[[18,0,8],[19,0,8],[15,0,8],[14,0,8]],[[19,0,5],[20,0,5],[16,0,5],[15,0,5]],[[20,0,9],[17,0,9],[13,0,9],[16,0,9]],[[21,0,7],[22,0,7],[18,0,7],[17,0,7]],[[22,0,8],[23,0,8],[19,0,8],[18,0,8]],[[23,0,5],[24,0,5],[20,0,5],[19,0,5]],[[24,0,9],[21,0,9],[17,0,9],[20,0,9]],[[25,0,7],[26,0,7],[22,0,7],[21,0,7]],[[26,0,8],[27,0,8],[23,0,8],[22,0,8]],[[27,0,5],[28,0,5],[24,0,5],[23,0,5]],[[28,0,9],[25,0,9],[21,0,9],[24,0,9]],[[29,0,7],[30,0,7],[26,0,7],[25,0,7]],[[30,0,8],[31,0,8],[27,0,8],[26,0,8]],[[31,0,5],[32,0,5],[28,0,5],[27,0,5]],[[32,0,9],[29,0,9],[25,0,9],[28,0,9]],[[33,0,7],[34,0,7],[30,0,7],[29,0,7]],[[34,0,8],[35,0,8],[31,0,8],[30,0,8]],[[35,0,5],[36,0,5],[32,0,5],[31,0,5]],[[36,0,9],[33,0,9],[29,0,9],[32,0,9]],[[37,0,7],[38,0,7],[34,0,7],[33,0,7]],[[38,0,8],[39,0,8],[35,0,8],[34,0,8]],[[39,0,5],[40,0,5],[36,0,5],[35,0,5]],[[40,0,9],[37,0,9],[33,0,9],[36,0,9]],[[41,0,7],[42,0,7],[38,0,7],[37,0,7]],[[42,0,8],[43,0,8],[39,0,8],[38,0,8]],[[43,0,5],[44,0,5],[40,0,5],[39,0,5]],[[44,0,9],[41,0,9],[37,0,9],[40,0,9]],[[5,0,7],[6,0,7],[42,0,7],[41,0,7]],[[6,0,8],[7,0,8],[43,0,8],[42,0,8]],[[7,0,5],[8,0,5],[44,0,5],[43,0,5]],[[8,0,9],[5,0,9],[41,0,9],[44,0,9]],[[45,0,10],[46,0,10],[2,0,10],[1,0,10]],[[46,0,11],[47,0,11],[3,0,11],[2,0,11]],[[47,0,12],[48,0,12],[4,0,12],[3,0,12]],[[48,0,13],[45,0,13],[1,0,13],[4,0,13]],[[49,0,10],[50,0,10],[46,0,10],[45,0,10]],[[50,0,11],[51,0,11],[47,0,11],[46,0,11]],[[51,0,12],[52,0,12],[48,0,12],[47,0,12]],[[52,0,13],[49,0,13],[45,0,13],[48,0,13]],[[53,0,10],[54,0,10],[50,0,10],[49,0,10]],[[54,0,11],[55,0,11],[51,0,11],[50,0,11]],[[55,0,12],[56,0,12],[52,0,12],[51,0,12]],[[56,0,13],[53,0,13],[49,0,13],[52,0,13]],[[57,0,10],[58,0,10],[54,0,10],[53,0,10]],[[58,0,11],[59,0,11],[55,0,11],[54,0,11]],[[59,0,12],[60,0,12],[56,0,12],[55,0,12]],[[60,0,13],[57,0,13],[53,0,13],[56,0,13]],[[61,0,10],[62,0,10],[58,0,10],[57,0,10]],[[62,0,11],[63,0,11],[59,0,11],[58,0,11]],[[63,0,12],[64,0,12],[60,0,12],[59,0,12]],[[64,0,13],[61,0,13],[57,0,13],[60,0,13]],[[9,0,14],[10,0,14],[62,0,14],[61,0,14]],[[10,0,15],[11,0,15],[63,0,15],[62,0,15]],[[11,0,16],[12,0,16],[64,0,16],[63,0,16]],[[12,0,17],[9,0,17],[61,0,17],[64,0,17]]],"id":"Trunk","opacity":1.0,"opticalDensity":1.45,"shininess":0.0,"specular":[0.5,0.5,0.5]}],"vertexCount":564}],