{"id":"palm_1.obj","normals":[[0.0,0.0,0.0],[0.3558,-0.9339,0.0363],[-0.4644,0.8806,0.0939],[0.4012,-0.9048,0.1429],[0.9742,-0.1154,-0.1941],[0.938,0.3382,-0.0761],[0.8598,0.31,-0.4058],[-0.7249,-0.0536,0.6867],[-0.4887,-0.1762,0.8545],[-0.501,-0.1949,0.8432],[0.4162,0.1501,0.8968],[0.354,-0.9164,0.187],[0.3925,-0.9086,0.1426],[0.1491,-0.9881,-0.0368],[-0.0773,0.9967,-0.0265],[-0.9386,0.1112,-0.3266],[0.1026,-0.0121,-0.9946],[-0.8707,-0.4638,-0.1638],[-0.8261,-0.2979,0.4784],[-0.3221,0.946,0.0363],[-0.6414,-0.3656,-0.6745],[-0.3045,0.9266,-0.2207],[0.6124,0.3604,0.7037],[0.2788,-0.9279,0.2475],[-0.6414,-0.3677,-0.6733],[-0.3048,0.9274,-0.2168],[0.6091,0.3653,0.704],[0.2724,-0.9298,0.2474],[-0.441,-0.2349,0.8662],[-0.5885,0.0164,0.8083],[-0.6989,-0.3723,-0.6107],[-0.4767,0.879,0.0118],[0.692,0.3686,0.6207],[0.4706,-0.8823,-0.00090],[-0.752,-0.4005,-0.5236],[-0.4764,0.8792,0.0113],[0.7394,0.3938,0.5461],[0.4638,-0.8859,0.0113],[-0.7558,-0.397,-0.5207],[-0.4833,0.8753,0.015],[0.7397,0.3911,0.5476],[0.4638,-0.8858,0.0165],[-0.9918,0.1175,-0.0495],[0.1119,0.9923,0.0537],[0.9808,-0.1162,0.1568],[-0.123,-0.991,0.0537],[0.415,-0.8833,0.218],[0.2755,-0.7047,0.6538],[-0.0441,-0.4785,0.877],[0.0515,-0.7691,0.6371],[0.9635,0.1555,0.218],[0.7534,0.0707,0.6538],[0.4478,-0.1742,0.877],[0.7535,-0.1624,0.6371],[0.1184,0.9687,0.218],[0.1415,0.7433,0.6538],[0.2918,0.3818,0.877],[0.3654,0.6787,0.6371],[-0.0164,0.9994,0.0315],[0.0375,0.8648,0.5008],[0.2363,0.5751,0.7832],[0.2682,0.8291,0.4906],[-0.8867,-0.4076,0.218],[-0.707,-0.2697,0.6538],[-0.4781,0.048,0.877],[-0.7695,-0.0451,0.6371],[0.5684,-0.7933,0.218],[0.3989,-0.643,0.6538],[0.0435,-0.4785,0.877],[0.1903,-0.7469,0.6371]],"parts":[{"materials":[{"ambient":[1.0,1.0,1.0],"diffuse":[0.8,0.8,0.8],"emissive":[0.0,0.0,0.0],"faces":[],"id":"__default__","opacity":1.0,"opticalDensity":1.0,"shininess":225.0,"specular":[0.5,0.5,0.5]},{"ambient":[1.0,1.0,1.0],"diffuse":[0.113743,0.55788,0.018426],"emissive":[0.0,0.0,0.0],"faces":[[[197,1,46],[195,2,46],[192,3,46],[196,4,46]],[[193,5,47],[197,1,47],[196,4,47],[191,6,47]],[[189,7,48],[194,8,48],[197,1,48],[193,5,48]],[[194,8,49],[190,9,49],[195,2,49],[197,1,49]],[[206,10,50],[204,11,50],[201,12,50],[205,13,50]],[[202,14,51],[206,10,51],[205,13,51],[200,15,51]],[[198,16,52],[203,17,52],[206,10,52],[202,14,52]],[[203,17,53],[199,18,53],[204,11,53],[206,10,53]],[[215,19,54],[213,20,54],[210,21,54],[214,22,54]],[[211,23,55],[215,19,55],[214,22,55],[209,24,55]],[[207,25,56],[212,26,56],[215,19,56],[211,23,56]],[[212,26,57],[208,27,57],[213,20,57],[215,19,57]],[[224,28,58],[222,29,58],[219,30,58],[223,31,58]],[[220,32,59],[224,28,59],[223,31,59],[218,33,59]],[[216,34,60],[221,35,60],[224,28,60],[220,32,60]],[[221,35,61],[217,36,61],[222,29,61],[224,28,61]],[[233,37,62],[231,38,62],[228,39,62],[232,40,62]],[[229,41,63],[233,37,63],[232,40,63],[227,42,63]],[[225,43,64],[230,44,64],[233,37,64],[229,41,64]],[[230,44,65],[226,45,65],[231,38,65],[233,37,65]],[[242,46,66],[240,47,66],[237,48,66],[241,49,66]],[[238,50,67],[242,46,67],[241,49,67],[236,51,67]],[[234,52,68],[239,53,68],[242,46,68],[238,50,68]],[[239,53,69],[235,54,69],[240,47,69],[242,46,69]]],"id":"Foliage","opacity":1.0,"opticalDensity":1.45,"shininess":0.0,"specular":[0.5,0.5,0.5]},{"ambient":[1.0,1.0,1.0],"diffuse":[0.496428,0.297689,0.107828],"emissive":[0.0,0.0,0.0],"faces":[[[22,0,1],[23,0,1],[19,0,1],[18,0,1]],[[125,0,2],[188,0,2],[20,0,2],[184,0,2]],[[19,0,3],[186,0,3],[18,0,3]],[[186,0,4],[185,0,4],[18,0,4]],[[185,0,5],[17,0,5],[18,0,5]],[[21,0,6],[22,0,6],[18,0,6],[17,0,6]],[[12,0,7],[11,0,7],[10,0,7],[9,0,7]],[[188,0,8],[19,0,8],[20,0,8]],[[188,0,9],[125,0,9],[19,0,9]],[[8,0,10],[7,0,10],[6,0,10],[5,0,10]],[[187,0,11],[126,0,11],[19,0,11]],[[126,0,12],[186,0,12],[19,0,12]],[[126,0,13],[187,0,13],[183,0,13],[186,0,13]],[[184,0,14],[20,0,14],[17,0,14],[185,0,14]],[[183,0,15],[125,0,15],[184,0,15]],[[1,0,16],[2,0,16],[3,0,16],[4,0,16]],[[183,0,17],[187,0,17],[125,0,17]],[[23,0,18],[24,0,18],[20,0,18],[19,0,18]],[[24,0,19],[21,0,19],[17,0,19],[20,0,19]],[[25,0,6],[26,0,6],[22,0,6],[21,0,6]],[[26,0,1],[27,0,1],[23,0,1],[22,0,1]],[[27,0,18],[28,0,18],[24,0,18],[23,0,18]],[[28,0,19],[25,0,19],[21,0,19],[24,0,19]],[[29,0,6],[30,0,6],[26,0,6],[25,0,6]],[[30,0,1],[31,0,1],[27,0,1],[26,0,1]],[[31,0,18],[32,0,18],[28,0,18],[27,0,18]],[[32,0,19],[29,0,19],[25,0,19],[28,0,19]],[[33,0,6],[34,0,6],[30,0,6],[29,0,6]],[[34,0,1],[35,0,1],[31,0,1],[30,0,1]],[[35,0,18],[36,0,18],[32,0,18],[31,0,18]],[[36,0,19],[33,0,19],[29,0,19],[32,0,19]],[[37,0,6],[38,0,6],[34,0,6],[33,0,6]],[[38,0,1],[39,0,1],[35,0,1],[34,0,1]],[[39,0,18],[40,0,18],[36,0,18],[35,0,18]],[[40,0,19],[37,0,19],[33,0,19],[36,0,19]],[[41,0,6],[42,0,6],[38,0,6],[37,0,6]],[[42,0,1],[43,0,1],[39,0,1],[38,0,1]],[[43,0,18],[44,0,18],[40,0,18],[39,0,18]],[[44,0,19],[41,0,19],[37,0,19],[40,0,19]],[[45,0,6],[46,0,6],[42,0,6],[41,0,6]],[[46,0,1],[47,0,1],[43,0,1],[42,0,1]],[[47,0,18],[48,0,18],[44,0,18],[43,0,18]],[[48,0,19],[45,0,19],[41,0,19],[44,0,19]],[[49,0,6],[50,0,6],[46,0,6],[45,0,6]],[[50,0,1],[51,0,1],[47,0,1],[46,0,1]],[[51,0,18],[52,0,18],[48,0,18],[47,0,18]],[[52,0,19],[49,0,19],[45,0,19],[48,0,19]],[[53,0,6],[54,0,6],[50,0,6],[49,0,6]],[[54,0,1],[55,0,1],[51,0,1],[50,0,1]],[[55,0,18],[56,0,18],[52,0,18],[51,0,18]],[[56,0,19],[53,0,19],[49,0,19],[52,0,19]],[[57,0,6],[58,0,6],[54,0,6],[53,0,6]],[[58,0,1],[59,0,1],[55,0,1],[54,0,1]],[[59,0,18],[60,0,18],[56,0,18],[55,0,18]],[[60,0,19],[57,0,19],[53,0,19],[56,0,19]],[[5,0,6],[6,0,6],[58,0,6],[57,0,6]],[[6,0,1],[7,0,1],[59,0,1],[58,0,1]],[[7,0,18],[8,0,18],[60,0,18],[59,0,18]],[[8,0,19],[5,0,19],[57,0,19],[60,0,19]],[[61,0,20],[62,0,20],[14,0,20],[13,0,20]],[[62,0,21],[63,0,21],[15,0,21],[14,0,21]],[[63,0,22],[64,0,22],[16,0,22],[15,0,22]],[[64,0,23],[61,0,23],[13,0,23],[16,0,23]],[[65,0,24],[66,0,24],[62,0,24],[61,0,24]],[[66,0,25],[67,0,25],[63,0,25],[62,0,25]],[[67,0,26],[68,0,26],[64,0,26],[63,0,26]],[[68,0,27],[65,0,27],[61,0,27],[64,0,27]],[[69,0,24],[70,0,24],[66,0,24],[65,0,24]],[[70,0,25],[71,0,25],[67,0,25],[66,0,25]],[[71,0,26],[72,0,26],[68,0,26],[67,0,26]],[[72,0,27],[69,0,27],[65,0,27],[68,0,27]],[[73,0,24],[74,0,24],[70,0,24],[69,0,24]],[[74,0,25],[75,0,25],[71,0,25],[70,0,25]],[[75,0,26],[76,0,26],[72,0,26],[71,0,26]],[[76,0,27],[73,0,27],[69,0,27],[72,0,27]],[[77,0,24],[78,0,24],[74,0,24],[73,0,24]],[[78,0,25],[79,0,25],[75,0,25],[74,0,25]],[[79,0,26],[80,0,26],[76,0,26],[75,0,26]],[[80,0,27],[77,0,27],[73,0,27],[76,0,27]],[[81,0,24],[82,0,24],[78,0,24],[77,0,24]],[[82,0,25],[83,0,25],[79,0,25],[78,0,25]],[[83,0,26],[84,0,26],[80,0,26],[79,0,26]],[[84,0,27],[81,0,27],[77,0,27],[80,0,27]],[[85,0,24],[86,0,24],[82,0,24],[81,0,24]],[[86,0,25],[87,0,25],[83,0,25],[82,0,25]],[[87,0,26],[88,0,26],[84,0,26],[83,0,26]],[[88,0,27],[85,0,27],[81,0,27],[84,0,27]],[[89,0,24],[90,0,24],[86,0,24],[85,0,24]],[[90,0,25],[91,0,25],[87,0,25],[86,0,25]],[[91,0,26],[92,0,26],[88,0,26],[87,0,26]],[[92,0,27],[89,0,27],[85,0,27],[88,0,27]],[[93,0,24],[94,0,24],[90,0,24],[89,0,24]],[[94,0,25],[95,0,25],[91,0,25],[90,0,25]],[[95,0,26],[96,0,26],[92,0,26],[91,0,26]],[[96,0,27],[93,0,27],[89,0,27],[92,0,27]],[[97,0,24],[98,0,24],[94,0,24],[93,0,24]],[[98,0,25],[99,0,25],[95,0,25],[94,0,25]],[[99,0,26],[100,0,26],[96,0,26],[95,0,26]],[[100,0,27],[97,0,27],[93,0,27],[96,0,27]],[[101,0,24],[102,0,24],[98,0,24],[97,0,24]],[[102,0,25],[103,0,25],[99,0,25],[98,0,25]],[[103,0,26],[104,0,26],[100,0,26],[99,0,26]],[[104,0,27],[101,0,27],[97,0,27],[100,0,27]],[[105,0,24],[106,0,24],[102,0,24],[101,0,24]],[[106,0,25],[107,0,25],[103,0,25],[102,0,25]],[[107,0,26],[108,0,26],[104,0,26],[103,0,26]],[[108,0,27],[105,0,27],[101,0,27],[104,0,27]],[[109,0,24],[110,0,24],[106,0,24],[105,0,24]],[[110,0,25],[111,0,25],[107,0,25],[106,0,25]],[[111,0,26],[112,0,26],[108,0,26],[107,0,26]],[[112,0,27],[109,0,27],[105,0,27],[108,0,27]],[[113,0,24],[114,0,24],[110,0,24],[109,0,24]],[[114,0,25],[115,0,25],[111,0,25],[110,0,25]],[[115,0,26],[116,0,26],[112,