{"id":"pineapple.obj","normals":[[0.0,0.0,0.0],[0.9389,0.218,0.2662],[0.7127,0.6538,0.2543],[0.3322,0.877,0.3471],[0.6143,0.6371,0.4656],[0.5462,0.218,-0.8088],[0.4642,0.6538,-0.5975],[0.4335,0.877,-0.2072],[0.6342,0.6371,-0.4381],[-0.4457,0.2263,-0.8661],[-0.3001,0.6604,-0.6884],[0.0272,0.8815,-0.4714],[-0.0785,0.6443,-0.7607],[-0.9835,0.0315,-0.1782],[-0.8409,0.5008,-0.205],[-0.5182,0.7832,-0.3436],[-0.7611,0.4906,-0.4243],[-0.8083,0.2655,0.5255],[-0.6849,0.6726,0.2801],[-0.5331,0.8388,-0.1104],[-0.7866,0.6125,0.0785],[0.2851,0.218,0.9334],[0.1725,0.6538,0.7368],[-0.1117,0.877,0.4673],[-0.0584,0.6371,0.7686],[0.0022,-1.0,0.0077],[-0.0022,1.0,-0.0077],[-0.2745,0.1754,-0.9455],[-0.2745,0.1754,-0.9454],[0.9437,0.1834,-0.2755],[0.2737,0.1913,0.9426],[-0.9445,0.1834,0.2727]],"parts":[{"materials":[{"ambient":[1.0,1.0,1.0],"diffuse":[0.8,0.8,0.8],"emissive":[0.0,0.0,0.0],"faces":[],"id":"__default__","opacity":1.0,"opticalDensity":1.0,"shininess":225.0,"specular":[0.5,0.5,0.5]},{"ambient":[1.0,1.0,1.0],"diffuse":[0.113743,0.55788,0.018426],"emissive":[0.0,0.0,0.0],"faces":[[[9,1,1],[7,2,1],[4,3,1],[8,4,1]],[[5,5,2],[9,1,2],[8,4,2],[3,6,2]],[[1,7,3],[6,8,3],[9,1,3],[5,5,3]],[[6,8,4],[2,9,4],[7,2,4],[9,1,4]],[[18,10,5],[16,11,5],[13,12,5],[17,13,5]],[[14,14,6],[18,10,6],[17,13,6],[12,15,6]],[[10,16,7],[15,17,7],[18,10,7],[14,14,7]],[[15,17,8],[11,18,8],[16,11,8],[18,10,8]],[[27,19,9],[25,20,9],[22,21,9],[26,22,9]],[[23,23,10],[27,19,10],[26,22,10],[21,24,10]],[[19,25,11],[24,26,11],[27,19,11],[23,23,11]],[[24,26,12],[20,27,12],[25,20,12],[27,19,12]],[[36,28,13],[34,29,13],[31,30,13],[35,31,13]],[[32,32,14],[36,28,14],[35,31,14],[30,33,14]],[[28,34,15],[33,35,15],[36,28,15],[32,32,15]],[[33,35,16],[29,36,16],[34,29,16],[36,28,16]],[[45,37,17],[43,38,17],[40,39,17],[44,40,17]],[[41,41,18],[45,37,18],[44,40,18],[39,42,18]],[[37,43,19],[42,44,19],[45,37,19],[41,41,19]],[[42,44,20],[38,45,20],[43,38,20],[45,37,20]],[[54,46,21],[52,47,21],[49,48,21],[53,49,21]],[[50,50,22],[54,46,22],[53,49,22],[48,51,22]],[[46,52,23],[51,53,23],[54,46,23],[50,50,23]],[[51,53,24],[47,54,24],[52,47,24],[54,46,24]]],"id":"Foliage","opacity":1.0,"opticalDensity":1.45,"shininess":0.0,"specular":[0.5,0.5,0.5]},{"ambient":[1.0,1.0,1.0],"diffuse":[0.496428,0.297689,0.107828],"emissive":[0.0,0.0,0.0],"faces":[[[55,0,25],[56,0,25],[57,0,25],[58,0,25]],[[62,0,26],[61,0,26],[60,0,26],[59,0,26]],[[63,0,27],[64,0,27],[56,0,28],[55,0,28]],[[64,0,29],[65,0,29],[57,0,29],[56,0,29]],[[65,0,30],[66,0,30],[58,0,30],[57,0,30]],[[66,0,31],[63,0,31],[55,0,31],[58,0,31]],[[67,0,27],[68,0,27],[64,0,27],[63,0,27]],[[68,0,29],[69,0,29],[65,0,29],[64,0,29]],[[69,0,30],[70,0,30],[66,0,30],[65,0,30]],[[70,0,31],[67,0,31],[63,0,31],[66,0,31]],[[59,0,27],[60,0,27],[68,0,27],[67,0,27]],[[60,0,29],[61,0,29],[69,0,29],[68,0,29]],[[61,0,30],[62,0,30],[70,0,30],[69,0,30]],[[62,0,31],[59,0,31],[67,0,31],[70,0,31]]],"id":"Trunk","opacity":1.0,"opticalDensity":1.45,"shininess":0.0,"specular":[0.5,0.5,0.5]}],"vertexCount":228}],"positions":[[0.0,0.0,0.0],[0.005137,0.775987,-0.005127],[0.277055,0.569993,0.213913],[0.336844,0.639209,-0.022911],[0.395902,0.201676,0.149097],[0.181389,0.738584,-0.007126],[0.15679,0.701565,0.109945],[0.398766,0.40317,0.198992],[0.423365,0.440188,0.081921],[0.312536,0.616606,0.103319],[0.000135,0.780783,-0.012928],[0.293158,0.574789,-0.20281],[0.086865,0.644004,-0.33359],[0.268714,0.206472,-0.335958],[0.053296,0.743379,-0.180984],[0.156823,0.706361,-0.121044],[0.317006,0.407966,-0.323092],[0.213479,0.444984,-0.383032],[0.199183,0.621402,-0.271065],[-0.002824,0.776259,-0.011025],[-0.028117,0.573579,-0.361214],[-0.242081,0.641674,-0.242751],[-0.156579,0.205685,-0.407409],[-0.124505,0.740067,-0.138899],[-0.022115,0.703638,-0.201111],[-0.122045,0.407512,-0.441621],[-0.224435,0.443941,-0.379409],[-0.133192,0.619721,-0.311286],[-0.013657,0.768816,-0.014496],[-0.26216,0.505891,-0.197439],[-0.311534,0.575978,0.041519],[-0.30487,0.126293,-0.107638],[-0.179097,0.700599,0.006576],[-0.159026,0.662311,-0.11095],[-0.349269,0.321014,-0.164294],[-0.36934,0.359302,-0.046768],[-0.295239,0.551304,-0.085609],[-0.002185,0.776097,-0.005675],[-0.329633,0.565936,0.108174],[-0.187297,0.677872,0.286112],[-0.330365,0.226566,0.305178],[-0.108563,0.757348,0.138547],[-0.18185,0.699758,0.05492],[-0.383666,0.41671,0.241134],[-0.310379,0.474299,0.324761],[-0.268797,0.632999,0.19457],[-0.003929,0.778789,0.003694],[-0.040668,0.572795,0.350923],[0.190769,0.642011,0.272838],[0.078209,0.204479,0.415685],[0.093262,0.741386,0.150741],[-0.01846,0.704367,0.193507],[0.037827,0.405972,0.44513],[0.149548,0.442991,0.402363],[0.071507,0.619408,0.320813],[-0.255213,-0.008429,-0.142842],[0.140295,-0.008429,-0.257667],[0.255116,-0.005114,0.137828],[-0.140392,-0.005114,0.252653],[-0.085223,0.735324,-0.054175],[0.044216,0.735324,-0.091754],[0.081794,0.736409,0.037681],[-0.047645,0.736409,0.07526],[-0.173218,0.350323,-0.100073],[0.093951,0.350323,-0.177638],[0.171514,0.352562,0.089522],[-0.095655,0.352562,0.167087],[-0.125327,0.559859,-0.075093],[0.066883,0.559859,-0.130896],[0.122684,0.561469,0.061308],[-0.069526,0.561469,0.11711]],"texcoords":[[0.0,0.0],[0.5,0.5],[1.0,0.5],[1.0,1.0],[0.5,1.0],[0.0,0.5],[0.0,1.0],[0.0,0.0],[0.5,0.0],[1.0,0.0],[0.5,0.5],[1.0,0.5],[1.0,1.0],[0.5,1.0],[0.0,0.5],[0.0,1.0],[0.0,0.0],[0.5,0.0],[1.0,0.0],[0.5,0.5],[1.0,0.5],[1.0,1.0],[0.5,1.0],[0.0,0.5],[0.0,1.0],[0.0,0.0],[0.5,0.0],[1.0,0.0],[0.5,0.5],[1.0,0.5],[1.0,1.0],[0.5,1.0],[0.0,0.5],[0.0,1.0],[0.0,0.0],[0.5,0.0],[1.0,0.0],[0.5,0.5],[1.0,0.5],[1.0,1.0],[0.5,1.0],[0.0,0.5],[0.0,1.0],[0.0,0.0],[0.5,0.0],[1.0,0.0],[0.5,0.5],[1.0,0.5],[1.0,1.0],[0.5,1.0],[0.0,0.5],[0.0,1.0],[0.0,0.0],[0.5,0.0],[1.0,0.0]]}